slow_duration_s,fast_duration_s,slow_start_s,fast_start_s,R_fit_ohm,cost,q0_slow_fit_C,I0_slow_fit_A,q0_fast_fit_C,I0_fast_fit_A
0.02,0.004,0.0004,8e-05,32.512040470837114,278.99170929892125,0.00042018541895595365,-0.0168310778760965,0.00043252440544976094,-0.2833651831376328
0.02,0.004,0.0004,0.0002,32.6098239402434,268.978444878717,0.00042012359365791363,-0.017064244942589405,0.0004325822147928426,-0.28418702799508055
0.02,0.004,0.0004,0.0004,32.76153896601486,258.60497919518474,0.0004200196273792773,-0.017425683178981063,0.0004328167391650282,-0.28560088391097654
0.02,0.004,0.0008,8e-05,32.512040470837114,278.99170929892125,0.00042018541895595365,-0.0168310778760965,0.00043252440544976094,-0.2833651831376328
0.02,0.004,0.0008,0.0002,32.6098239402434,268.978444878717,0.00042012359365791363,-0.017064244942589405,0.0004325822147928426,-0.28418702799508055
0.02,0.004,0.0008,0.0004,32.76153896601486,258.60497919518474,0.0004200196273792773,-0.017425683178981063,0.0004328167391650282,-0.28560088391097654
0.02,0.004,0.0012,8e-05,32.437410823284004,259.16618833032436,0.00041042586848254826,-0.009493493869011294,0.00043246740693149796,-0.2829189004041307
0.02,0.004,0.0012,0.0002,32.52829824198669,249.62436129997423,0.0004104866125230445,-0.009773397009065151,0.00043247454125773787,-0.2836529169311992
0.02,0.004,0.0012,0.0004,32.66604373793651,239.9398226284639,0.0004105731208444003,-0.01019922735976419,0.0004325995957400676,-0.2848823677144711
0.02,0.005,0.0004,8e-05,32.95460434261081,328.52197696273316,0.00041988629376097676,-0.017886062228365123,0.00043344391154319535,-0.2853649093954497
0.02,0.005,0.0004,0.0002,33.0803201705411,316.8464917383642,0.0004198057488554795,-0.018186656926529383,0.0004336809653227554,-0.286556068648529
0.02,0.005,0.0004,0.0004,33.285177100675035,304.1698874053345,0.0004196966942823,-0.01867932642771568,0.00043433694341771446,-0.28872743591686945
0.02,0.005,0.0008,8e-05,32.95460434261081,328.52197696273316,0.00041988629376097676,-0.017886062228365123,0.00043344391154319535,-0.2853649093954497
0.02,0.005,0.0008,0.0002,33.0803201705411,316.8464917383642,0.0004198057488554795,-0.018186656926529383,0.0004336809653227554,-0.286556068648529
0.02,0.005,0.0008,0.0004,33.285177100675035,304.1698874053345,0.0004196966942823,-0.01867932642771568,0.00043433694341771446,-0.28872743591686945
0.02,0.005,0.0012,8e-05,32.889458808580926,310.7881489371996,0.0004107180859360522,-0.010896864611709333,0.0004333750050691238,-0.2849256077337983
0.02,0.005,0.0012,0.0002,33.00999681130566,299.63800947692164,0.00041080817478257917,-0.011278580078162454,0.0004335654008512109,-0.28604094692392895
0.02,0.005,0.0012,0.0004,33.20286498887877,287.78066541836165,0.0004109850483772787,-0.011900849455212074,0.00043411268053431505,-0.28803613594480687
0.02,0.006,0.0004,8e-05,33.26334433384071,363.2894971280647,0.0004197065690433498,-0.018626584459594118,0.00043425079074981677,-0.28674248901377425
0.02,0.006,0.0004,0.0002,33.40048523830708,350.5342517117301,0.00041965349209105603,-0.018959006138810203,0.00043458956448536604,-0.28814032911769016
0.02,0.006,0.0004,0.0004,33.62465666907443,336.4162153787389,0.0004196249871465481,-0.01951080237697406,0.0004354744621078008,-0.29070098873427513
0.02,0.006,0.0008,8e-05,33.26334433384071,363.2894971280647,0.0004197065690433498,-0.018626584459594118,0.00043425079074981677,-0.28674248901377425
0.02,0.006,0.0008,0.0002,33.40048523830708,350.5342517117301,0.00041965349209105603,-0.018959006138810203,0.00043458956448536604,-0.28814032911769016
0.02,0.006,0.0008,0.0004,33.62465666907443,336.4162153787389,0.0004196249871465481,-0.01951080237697406,0.0004354744621078008,-0.29070098873427513
0.02,0.006,0.0012,8e-05,33.20473640532207,346.85989539189825,0.00041098701966858634,-0.011906970252371725,0.0004341885892087877,-0.286315707922192
0.02,0.006,0.0012,0.0002,33.33666533560819,334.64529725704983,0.0004111420196590848,-0.012344127928463287,0.00043447755930278617,-0.28763371731266124
0.02,0.006,0.0012,0.0004,33.550502633120004,321.393124534182,0.0004114744546046457,-0.01308198490165091,0.0004352613880847342,-0.2900334130084694
0.02,0.007,0.0004,8e-05,33.504111612642376,394.9122273104417,0.0004196300536217422,-0.019212510573146078,0.00043488214586469574,-0.28779937460600924
0.02,0.007,0.0004,0.0002,33.646743855062375,381.32381501269697,0.0004196268853350604,-0.01956595417261105,0.00043528843687967614,-0.28933915498326446
0.02,0.007,0.0004,0.0004,33.88016926596788,366.11518150474717,0.00041969963997957606,-0.020160472284554327,0.00043631582626631784,-0.2921527263053744
0.02,0.007,0.0008,8e-05,33.504111612642376,394.9122273104417,0.0004196300536217422,-0.019212510573146078,0.00043488214586469574,-0.28779937460600924
0.02,0.007,0.0008,0.0002,33.646743855062375,381.32381501269697,0.0004196268853350604,-0.01956595417261105,0.00043528843687967614,-0.28933915498326446
0.02,0.007,0.0008,0.0004,33.88016926596788,366.11518150474717,0.00041969963997957606,-0.020160472284554327,0.00043631582626631784,-0.2921527263053744
0.02,0.007,0.0012,8e-05,33.450617959577585,379.45529539677017,0.0004113051969794385,-0.012731981723445213,0.0004348295511258078,-0.28738177184234454
0.02,0.007,0.0012,0.0002,33.58825091394862,366.41766367279024,0.00041154532575920485,-0.013217213757416111,0.0004351843597279137,-0.28884024638034517
0.02,0.007,0.0012,0.0004,33.81402844401578,352.09132337244125,0.0004120500077606443,-0.014066862558716389,0.000436124543505455,-0.29152110099593675
0.02,0.008,0.0004,8e-05,33.703427522996805,428.4852262716823,0.0004196358281743032,-0.019708244298386284,0.0004353357050248994,-0.28872405195617307
0.02,0.008,0.0004,0.0002,33.85192453932787,414.0585788952539,0.0004196860399454293,-0.020087221611450278,0.00043580772136114185,-0.29040030928659966
0.02,0.008,0.0004,0.0004,34.09673781465168,397.672895997694,0.00041984196207428803,-0.020737971456282426,0.0004369658816184725,-0.2934632375252823
0.02,0.008,0.0008,8e-05,33.703427522996805,428.4852262716823,0.0004196358281743032,-0.019708244298386284,0.0004353357050248994,-0.28872405195617307
0.02,0.008,0.0008,0.0002,33.85192453932787,414.0585788952539,0.0004196860399454293,-0.020087221611450278,0.00043580772136114185,-0.29040030928659966
0.02,0.008,0.0008,0.0004,34.09673781465168,397.672895997694,0.00041984196207428803,-0.020737971456282426,0.0004369658816184725,-0.2934632375252823
0.02,0.008,0.0012,8e-05,33.65286320884921,413.8152536614887,0.0004116755221040334,-0.01345273584500099,0.0004352858558836634,-0.28830694277145213
0.02,0.008,0.0012,0.0002,33.79691317534723,399.9490749365345,0.00041200685690756116,-0.013999633593016269,0.00043570551394993647,-0.289904291419913
0.02,0.008,0.0012,0.0004,34.03614645162759,384.4500158685704,0.0004126878915060543,-0.014993199760394546,0.00043678860179731117,-0.2928591323387343
0.025,0.004,0.0004,8e-05,32.355398440822725,301.2228422085264,0.0004199053546621596,-0.01660538664199722,0.0004324183409221864,-0.28244348954201143
0.025,0.004,0.0004,0.0002,32.42980594581207,292.17777737002564,0.0004198506637071353,-0.016788663547867257,0.00043235850150499843,-0.2830234044801938
0.025,0.004,0.0004,0.0004,32.53595432207533,283.26744491169904,0.00041976497690170324,-0.0170498249368532,0.0004323208303054557,-0.2839232242334671
0.025,0.004,0.0008,8e-05,32.355398440822725,301.2228422085264,0.0004199053546621596,-0.01660538664199722,0.0004324183409221864,-0.28244348954201143
0.025,0.004,0.0008,0.0002,32.42980594581207,292.17777737002564,0.0004198506637071353,-0.016788663547867257,0.00043235850150499843,-0.2830234044801938
0.025,0.004,0.0008,0.0004,32.53595432207533,283.26744491169904,0.00041976497690170324,-0.0170498249368532,0.0004323208303054557,-0.2839232242334671
0.025,0.004,0.0012,8e-05,32.281265801280945,281.01569642421487,0.00041003066503956414,-0.009229763324074101,0.00043238612072167164,-0.28202720311706575
0.025,0.004,0.0012,0.0002,32.34717187312899,272.3546114399454,0.0004100705585876402,-0.009441408334324405,0.0004322715642414391,-0.28250703383596726
0.025,0.004,0.0012,0.0004,32.43647621571531,263.9585889500737,0.00041011951295534445,-0.009729001612896897,0.00043211399981586847,-0.28319787391159146
0.025,0.005,0.0004,8e-05,32.78624713464716,355.74392944231784,0.00041954136290426225,-0.017666721503130752,0.00043328166736939086,-0.2842488537646345
0.025,0.005,0.0004,0.0002,32.89172783234897,345.4133689372102,0.00041944522706047644,-0.017928049719217378,0.00043339345094008813,-0.2852010059048594
0.025,0.005,0.0004,0.0004,33.05380167244846,334.88965595122556,0.0004193036628000974,-0.01833233274867015,0.0004337400404766638,-0.28682306036640765
0.025,0.005,0.0008,8e-05,32.78624713464716,355.74392944231784,0.00041954136290426225,-0.017666721503130752,0.00043328166736939086,-0.2842488537646345
0.025,0.005,0.0008,0.0002,32.89172783234897,345.4133689372102,0.00041944522706047644,-0.017928049719217378,0.00043339345094008813,-0.2852010059048594
0.025,0.005,0.0008,0.0004,33.05380167244846,334.88965595122556,0.0004193036628000974,-0.01833233274867015,0.0004337400404766638,-0.28682306036640765
0.025,0.005,0.0012,8e-05,32.722183293986944,337.7329037239251,0.0004102620685148468,-0.010660882771808497,0.0004332333445643501,-0.2838405032029682
0.025,0.005,0.0012,0.0002,32.822816802645875,327.86933938784426,0.00041031814377098607,-0.010995848322795385,0.00043330460032657314,-0.2847252271462343
0.025,0.005,0.0012,0.0004,32.97406542578108,318.02953943542417,0.0004104202543450005,-0.01150925017639193,0.00043355776549777167,-0.2861940032825684
0.025,0.006,0.0004,8e-05,33.09698358649623,394.1464384163102,0.0004192682282520682,-0.018440780621097084,0.0004340928000161308,-0.28555277914575944
0.025,0.006,0.0004,0.0002,33.21551317171429,382.9073094917019,0.0004191785800376947,-0.018740494235468738,0.0004342936340963736,-0.2867040625598021
0.025,0.006,0.0004,0.0004,33.40191845346054,371.2574383801542,0.0004190709901678096,-0.019220088612016715,0.0004348654726308351,-0.2887315483902175
0.025,0.006,0.0008,8e-05,33.09698358649623,394.1464384163102,0.0004192682282520682,-0.018440780621097084,0.0004340928000161308,-0.28555277914575944
0.025,0.006,0.0008,0.0002,33.21551317171429,382.9073094917019,0.0004191785800376947,-0.018740494235468738,0.0004342936340963736,-0.2867040625598021
0.025,0.006,0.0008,0.0004,33.40191845346054,371.2574383801542,0.0004190709901678096,-0.019220088612016715,0.0004348654726308351,-0.2887315483902175
0.025,0.006,0.0012,8e-05,33.039654201687654,377.51769388509535,0.0004104739930660281,-0.011736522083361749,0.0004340507525743865,-0.2851575886135647
0.025,0.006,0.0012,0.0002,33.154027164082585,366.7663382122978,0.00041058626446503825,-0.01214149296789671,0.0004342133109144187,-0.28624713673804697
0.025,0.006,0.0012,0.0004,33.33038348381328,355.8610828924526,0.0004108211399143417,-0.012794675233750743,0.000434691236663442,-0.28812342256531576
0.025,0.007,0.0004,8e-05,33.34513068633677,428.68913445864064,0.0004190983389801654,-0.019072687579213612,0.0004347479168143164,-0.28658166730876206
0.025,0.007,0.0004,0.0002,33.47024102745433,416.7170487337962,0.00041904577530395005,-0.019399309030067743,0.0004350067335209381,-0.28786710486906913
0.025,0.007,0.0004,0.0004,33.669633161588685,404.16410118347335,0.00041902865331999804,-0.0199376769906814,0.0004357350889890735,-0.29017308626447735
0.025,0.007,0.0008,8e-05,33.34513068633677,428.68913445864064,0.0004190983389801654,-0.019072687579213612,0.0004347479168143164,-0.28658166730876206
0.025,0.007,0.0008,0.0002,33.47024102745433,416.7170487337962,0.00041904577530395005,-0.019399309030067743,0.0004350067335209381,-0.28786710486906913
0.025,0.007,0.0008,0.0004,33.669633161588685,404.16410118347335,0.00041902865331999804,-0.0199376769906814,0.0004357350889890735,-0.29017308626447735
0.025,0.007,0.0012,8e-05,33.2930080662558,413.1009360899345,0.00041076388747091617,-0.01265270749369651,0.00043471721115794306,-0.2861967568448467
0.025,0.007,0.0012,0.0002,33.414232574761165,401.6293147741153,0.0004109668982297046,-0.013121865803791976,0.0004349370642860207,-0.28742049805912395
0.025,0.007,0.0012,0.0004,33.60519318165527,389.8565753822492,0.0004114026320373205,-0.013924041513279188,0.0004355755940981836,-0.28958694303725596
0.025,0.008,0.0004,8e-05,33.54832306366773,464.70489837602213,0.0004190285700055333,-0.01960715025849641,0.0004352085413912398,-0.2874696986638731
0.025,0.008,0.0004,0.0002,33.67854839907133,451.9880730466339,0.00041902997377906754,-0.019962383228461698,0.0004355201997760186,-0.28887057861841375
0.025,0.008,0.0004,0.0004,33.89030101442158,438.4419523943045,0.0004191128961282649,-0.020570809598510913,0.00043638881323178493,-0.2914328750123309
0.025,0.008,0.0008,8e-05,33.54832306366773,464.70489837602213,0.0004190285700055333,-0.01960715025849641,0.0004352085413912398,-0.2874696986638731
0.025,0.008,0.0008,0.0002,33.67854839907133,451.9880730466339,0.00041902997377906754,-0.019962383228461698,0.0004355201997760186,-0.28887057861841375
0.025,0.008,0.0008,0.0004,33.89030101442158,438.4419523943045,0.0004191128961282649,-0.020570809598510913,0.00043638881323178493,-0.2914328750123309
0.025,0.008,0.0012,8e-05,33.49933963224353,449.9457761704306,0.00041114208355664243,-0.013468397183493366,0.0004351830058256533,-0.287087972841595
0.025,0.008,0.0012,0.0002,33.62613510116216,437.7391248869775,0.00041146017926127867,-0.014017931531372044,0.00043545369827339286,-0.2884279336743037
0.025,0.008,0.0012,0.0004,33.831589283712006,424.98866034078486,0.00041213806476350103,-0.015017384008820047,0.0004362399126763791,-0.2908710246690282
0.03,0.004,0.0004,8e-05,32.24123299777292,314.8927414035425,0.00041966009258095357,-0.01645450339297666,0.0004323733621367353,-0.2818075608807126
0.03,0.004,0.0004,0.0002,32.29546915512851,306.43129335424146,0.0004196108241892164,-0.016593406994647095,0.0004322213861449742,-0.2821887643418175
0.03,0.004,0.0004,0.0004,32.362233189865755,298.32596443687237,0.0004195467694980177,-0.01676415773173268,0.00043195971312553886,-0.28265745516996016
0.03,0.004,0.0008,8e-05,32.24123299777292,314.8927414035425,0.00041966009258095357,-0.01645450339297666,0.0004323733621367353,-0.2818075608807126
0.03,0.004,0.0008,0.0002,32.29546915512851,306.43129335424146,0.0004196108241892164,-0.016593406994647095,0.0004322213861449742,-0.2821887643418175
0.03,0.004,0.0008,0.0004,32.362233189865755,298.32596443687237,0.0004195467694980177,-0.01676415773173268,0.00043195971312553886,-0.28265745516996016
0.03,0.004,0.0012,8e-05,32.168260113771844,294.4265910170121,0.00040972279856976853,-0.009050002312949012,0.0004323579153381686,-0.2814159208813556
0.03,0.004,0.0012,0.0002,32.212776540064404,286.25929751950605,0.0004097451503121575,-0.009199854803311007,0.0004321468454311809,-0.28168634738032805
0.03,0.004,0.0012,0.0004,32.25904069577693,278.4828880591878,0.0004097666000782141,-0.009355858541125871,0.00043174186971332206,-0.2819039961822146
0.03,0.005,0.0004,8e-05,32.65111100550186,373.4494904416083,0.00041923005133243405,-0.01750349415783801,0.0004331884771378883,-0.2833980822598305
0.03,0.005,0.0004,0.0002,32.7383169904381,364.1034214752274,0.0004191270024900924,-0.01772801743143416,0.00043320547749359743,-0.2841538841015588
0.03,0.005,0.0004,0.0004,32.86434961221946,355.08295959729656,0.00041897777464417043,-0.018054523768820947,0.0004333223296179275,-0.28534687333997993
0.03,0.005,0.0008,8e-05,32.65111100550186,373.4494904416083,0.00041923005133243405,-0.01750349415783801,0.0004331884771378883,-0.2833980822598305
0.03,0.005,0.0008,0.0002,32.7383169904381,364.1034214752274,0.0004191270024900924,-0.01772801743143416,0.00043320547749359743,-0.2841538841015588
0.03,0.005,0.0008,0.0004,32.86434961221946,355.08295959729656,0.00041897777464417043,-0.018054523768820947,0.0004333223296179275,-0.28534687333997993
0.03,0.005,0.0012,8e-05,32.58844597412202,355.23608069173076,0.0004098883245198599,-0.010483251432911567,0.00043315671989999847,-0.28301740091810074
0.03,0.005,0.0012,0.0002,32.67031270913067,346.2986364648094,0.00040992040742846486,-0.01077081545900115,0.000433132657860599,-0.28370276399611494
0.03,0.005,0.0012,0.0004,32.78525043854813,337.83963529338257,0.00040997564871670484,-0.011182165201985892,0.00043315956773628606,-0.2847452216511804
0.03,0.006,0.0004,8e-05,32.95643917913415,415.06623531165695,0.0004188712595185787,-0.018295162138746844,0.0004340000450101917,-0.2845966761028787
0.03,0.006,0.0004,0.0002,33.05915974263272,405.02003420427803,0.0004187581956051561,-0.018566209797324845,0.0004341038641146363,-0.2855593579490177
0.03,0.006,0.0004,0.0004,33.21223367422695,395.2365836768572,0.00041860950599209454,-0.01897719811583997,0.00043442747521530524,-0.2871463940945407
0.03,0.006,0.0008,8e-05,32.95643917913415,415.06623531165695,0.0004188712595185787,-0.018295162138746844,0.0004340000450101917,-0.2845966761028787
0.03,0.006,0.0008,0.0002,33.05915974263272,405.02003420427803,0.0004187581956051561,-0.018566209797324845,0.0004341038641146363,-0.2855593579490177
0.03,0.006,0.0008,0.0004,33.21223367422695,395.2365836768572,0.00041860950599209454,-0.01897719811583997,0.00043442747521530524,-0.2871463940945407
0.03,0.006,0.0012,8e-05,32.90033414659383,398.2884713629099,0.0004100494676967913,-0.011605438568383447,0.0004339726365808877,-0.28422695133456577
0.03,0.006,0.0012,0.0002,32.999058856321454,388.6844533212958,0.0004101336618309941,-0.011980332305138215,0.00043404228422334786,-0.28513322273725805
0.03,0.006,0.0012,0.0004,33.143164066910494,379.5381710449932,0.00041030467306981257,-0.012554188338708649,0.00043428579820065696,-0.28658980070580126
0.03,0.007,0.0004,8e-05,33.206808174221585,452.3298688844647,0.00041861422542826946,-0.018962462944985055,0.0004346789027017914,-0.2855740350204051
0.03,0.007,0.0004,0.0002,33.31796553100293,441.6791044704614,0.00041852822840691186,-0.019267976435148493,0.0004348368059704404,-0.2866736465392224
0.03,0.007,0.0004,0.0004,33.48632988988762,431.2279359575938,0.00041845181315166327,-0.019748249269529037,0.00043530801880266665,-0.28853407961945393
0.03,0.007,0.0008,8e-05,33.206808174221585,452.3298688844647,0.00041861422542826946,-0.018962462944985055,0.0004346789027017914,-0.2855740350204051
0.03,0.007,0.0008,0.0002,33.31796553100293,441.6791044704614,0.00041852822840691186,-0.019267976435148493,0.0004348368059704404,-0.2866736465392224
0.03,0.007,0.0008,0.0004,33.48632988988762,431.2279359575938,0.00041845181315166327,-0.019748249269529037,0.00043530801880266665,-0.28853407961945393
0.03,0.007,0.0012,8e-05,33.155695326944006,436.6464880126812,0.0004103228843344806,-0.012605945117172728,0.00043466317369006234,-0.28521263615902975
0.03,0.007,0.0012,0.0002,33.26358869024643,426.4567958958695,0.00041050724059670153,-0.013067419887263888,0.0004347896440639058,-0.2862621334250464
0.03,0.007,0.0012,0.0004,33.42437804415355,416.6866802409154,0.0004108954722955104,-0.013823665575730332,0.0004351828389533576,-0.2880004761389298
0.03,0.008,0.0004,8e-05,33.41180738962543,490.6475211435045,0.0004184764448190198,-0.019532528602678026,0.0004351520538416176,-0.28642065424258933
0.03,0.008,0.0004,0.0002,33.5281648253244,479.35037735072837,0.00041844505643391384,-0.019871937346451103,0.00043535357705152606,-0.2876242462903956
0.03,0.008,0.0004,0.0004,33.70849291079591,468.1082074191331,0.00041847847124623015,-0.020432325540789015,0.00043595484740214065,-0.2897202334433866
0.03,0.008,0.0008,8e-05,33.41180738962543,490.6475211435045,0.0004184764448190198,-0.019532528602678026,0.0004351520538416176,-0.28642065424258933
0.03,0.008,0.0008,0.0002,33.5281648253244,479.35037735072837,0.00041844505643391384,-0.019871937346451103,0.00043535357705152606,-0.2876242462903956
0.03,0.008,0.0008,0.0004,33.70849291079591,468.1082074191331,0.00041847847124623015,-0.020432325540789015,0.00043595484740214065,-0.2897202334433866
0.03,0.008,0.0012,8e-05,33.363935369871214,475.82893373911384,0.0004107312204225206,-0.013527885637569546,0.00043514248465016507,-0.2860631972935632
0.03,0.008,0.0012,0.0002,33.47783164461289,465.00285852834145,0.00041106146747082296,-0.014098906045827655,0.00043531320858667327,-0.28722232783752416
0.03,0.008,0.0012,0.0004,33.652528761531094,454.4598156320885,0.000411751950600171,-0.015102142382805217,0.0004358389320790726,-0.28921062156143
0.035,0.004,0.0004,8e-05,32.171979916351816,324.88701166686144,0.0004195101785614978,-0.016362298971612677,0.0004323584741230179,-0.28143562783618314
0.035,0.004,0.0004,0.0002,32.21323739102307,316.7121816196185,0.00041946653750964336,-0.016471056260946606,0.00043214724471169743,-0.28168912810815566
0.035,0.004,0.0004,0.0004,32.25459478924079,308.94060491642347,0.0004194215107608386,-0.016579951364791033,0.00043173236745364324,-0.28187144258714475
0.035,0.004,0.0008,8e-05,32.171979916351816,324.88701166686144,0.0004195101785614978,-0.016362298971612677,0.0004323584741230179,-0.28143562783618314
0.035,0.004,0.0008,0.0002,32.21323739102307,316.7121816196185,0.00041946653750964336,-0.016471056260946606,0.00043214724471169743,-0.28168912810815566
0.035,0.004,0.0008,0.0004,32.25459478924079,308.94060491642347,0.0004194215107608386,-0.016579951364791033,0.00043173236745364324,-0.28187144258714475
0.035,0.004,0.0012,8e-05,32.10034640870606,304.2551983797838,0.00040953857381658884,-0.008938888888918178,0.0004323515969134965,-0.28106051523035036
0.035,0.004,0.0012,0.0002,32.13153997159095,296.30857800339163,0.0004095515068613264,-0.009047357150234742,0.000432079127603733,-0.2811993037540967
0.035,0.004,0.0012,0.0004,32.15129754411276,288.72764208134805,0.0004095593086746182,-0.009116159574228453,0.0004315074433495893,-0.28111156744770954
0.035,0.005,0.0004,8e-05,32.562286514105494,386.086661992901,0.0004190382619156464,-0.01739026946547185,0.00043314567483749536,-0.2828611332527073
0.035,0.005,0.0004,0.0002,32.63569592803099,377.32909590297646,0.0004189368234325094,-0.01758484580584932,0.00043309774291483064,-0.28347585117561164
0.035,0.005,0.0004,0.0004,32.73518772353643,369.16378128457575,0.00041879687991877465,-0.01785004703900301,0.0004330576685690708,-0.28436640977556255
0.035,0.005,0.0008,8e-05,32.562286514105494,386.086661992901,0.0004190382619156464,-0.01739026946547185,0.00043314567483749536,-0.2828611332527073
0.035,0.005,0.0008,0.0002,32.63569592803099,377.32909590297646,0.0004189368234325094,-0.01758484580584932,0.00043309774291483064,-0.28347585117561164
0.035,0.005,0.0008,0.0004,32.73518772353643,369.16378128457575,0.00041879687991877465,-0.01785004703900301,0.0004330576685690708,-0.28436640977556255
0.035,0.005,0.0012,8e-05,32.501100678209205,367.7203494688745,0.0004096582763284523,-0.01035504098683691,0.0004331249621789893,-0.2825017383488791
0.035,0.005,0.0012,0.0002,32.56869057160829,359.3217611071609,0.00040967689818005863,-0.010601776286356487,0.000433033887518787,-0.28304140968103125
0.035,0.005,0.0012,0.0004,32.65567215673763,351.6158319456673,0.00040970658279034937,-0.010924694291708476,0.00043289491742969094,-0.28376512576193713
0.035,0.006,0.0004,8e-05,32.85834891268671,429.99522991746585,0.00041862409203764946,-0.018181454474357223,0.0004339557167280584,-0.2839547769528891
0.035,0.006,0.0004,0.0002,32.94860665218511,420.7310158754299,0.0004185014359990792,-0.018427239674850795,0.0004339945895126854,-0.2847806445700247
0.035,0.006,0.0004,0.0004,33.07721679312171,412.12579127093693,0.00041833946304950607,-0.018783173029195722,0.0004341570990373326,-0.28606646316326273
0.035,0.006,0.0008,8e-05,32.85834891268671,429.99522991746585,0.00041862409203764946,-0.018181454474357223,0.0004339557167280584,-0.2839547769528891
0.035,0.006,0.0008,0.0002,32.94860665218511,420.7310158754299,0.0004185014359990792,-0.018427239674850795,0.0004339945895126854,-0.2847806445700247
0.035,0.006,0.0008,0.0004,33.07721679312171,412.12579127093693,0.00041833946304950607,-0.018783173029195722,0.0004341570990373326,-0.28606646316326273
0.035,0.006,0.0012,8e-05,32.803573790420394,413.0864618631876,0.00040978207281038324,-0.011491613923858474,0.0004339383513108254,-0.28360559692039183
0.035,0.006,0.0012,0.0002,32.889618873986116,404.22557914047377,0.00040984735309215515,-0.011834941226594774,0.00043394290396314597,-0.2843738630092523
0.035,0.006,0.0012,0.0004,33.00933014459385,396.17476867069365,0.00040997527348900334,-0.012335012675007802,0.00043402885049174467,-0.28553360823551427
0.035,0.007,0.0004,8e-05,33.10597867612387,469.32163527753295,0.00041830625500183683,-0.01886393559155435,0.0004346527978527101,-0.2848666702677726
0.035,0.007,0.0004,0.0002,33.2063480516127,459.5878196990575,0.0004182022606828225,-0.01915001936083211,0.0004347462676389322,-0.2858360206127564
0.035,0.007,0.0004,0.0004,33.352019935778046,450.54088767507295,0.0004180948212637478,-0.01958070887382454,0.0004350482903331522,-0.28738976097954017
0.035,0.007,0.0008,8e-05,33.10597867612387,469.32163527753295,0.00041830625500183683,-0.01886393559155435,0.0004346527978527101,-0.2848666702677726
0.035,0.007,0.0008,0.0002,33.2063480516127,459.5878196990575,0.0004182022606828225,-0.01915001936083211,0.0004347462676389322,-0.2858360206127564
0.035,0.007,0.0008,0.0004,33.352019935778046,450.54088767507295,0.0004180948212637478,-0.01958070887382454,0.0004350482903331522,-0.28738976097954017
0.035,0.007,0.0012,8e-05,33.055930088943555,453.5358283842811,0.0004100398035363074,-0.012538580166395856,0.0004346473116814138,-0.2845239946762095
0.035,0.007,0.0012,0.0002,33.153116573509685,444.23115002551606,0.0004102081149256972,-0.012983855702291927,0.0004347109842905055,-0.2854456204896881
0.035,0.007,0.0012,0.0004,33.29196718527417,435.79012240791826,0.000410550632263766,-0.013685065523055135,0.0004349447408558639,-0.28689185780508775
0.035,0.008,0.0004,8e-05,33.30974180545573,509.4344872708689,0.00041811971361236706,-0.019453385412702667,0.0004351376173002873,-0.2856646783825696
0.035,0.008,0.0004,0.0002,33.41618409443033,499.15226429137215,0.00041806838982347776,-0.019778383740980378,0.00043527257731341,-0.28673897223249073
0.035,0.008,0.0004,0.0004,33.57351439422742,489.4928343799188,0.00041806940531018296,-0.020292275703279523,0.00043569086001020766,-0.28850650088847835
0.035,0.008,0.0008,8e-05,33.30974180545573,509.4344872708689,0.00041811971361236706,-0.019453385412702667,0.0004351376173002873,-0.2856646783825696
0.035,0.008,0.0008,0.0002,33.41618409443033,499.15226429137215,0.00041806838982347776,-0.019778383740980378,0.00043527257731341,-0.28673897223249073
0.035,0.008,0.0008,0.0004,33.57351439422742,489.4928343799188,0.00041806940531018296,-0.020292275703279523,0.00043569086001020766,-0.28850650088847835
0.035,0.008,0.0012,8e-05,33.26294848557044,494.5331963472845,0.0004104672311591027,-0.013530726212895205,0.0004351385448255468,-0.2853258488329408
0.035,0.008,0.0012,0.0002,33.36727425153713,484.69226013087535,0.00041080021312767643,-0.014107787956064505,0.00043524638667274214,-0.28636171304057556
0.035,0.008,0.0012,0.0004,33.51994986255535,475.6577022037118,0.0004114683926181621,-0.015078805726870044,0.00043560056336858384,-0.28803916668792645
0.04,0.004,0.0004,8e-05,32.14068449167499,338.72073489084283,0.00041948895691511895,-0.01630150668844655,0.00043235449376629036,-0.28127064057477197
0.04,0.004,0.0004,0.0002,32.17570291848953,330.6563428271609,0.0004194489701826994,-0.016395312788695195,0.000432115362759497,-0.28146337830606283
0.04,0.004,0.0004,0.0004,32.205328193169194,322.9913383202736,0.0004194145035453877,-0.016474585735428114,0.00043162604233227495,-0.281509837329312
0.04,0.004,0.0008,8e-05,32.14068449167499,338.72073489084283,0.00041948895691511895,-0.01630150668844655,0.00043235449376629036,-0.28127064057477197
0.04,0.004,0.0008,0.0002,32.17570291848953,330.6563428271609,0.0004194489701826994,-0.016395312788695195,0.000432115362759497,-0.28146337830606283
0.04,0.004,0.0008,0.0004,32.205328193169194,322.9913383202736,0.0004194145035453877,-0.016474585735428114,0.00043162604233227495,-0.281509837329312
0.04,0.004,0.0012,8e-05,32.070176103814035,317.95626162635523,0.0004094896669308245,-0.008862631776162202,0.00043235088824906395,-0.28090502462958544
0.04,0.004,0.0012,0.0002,32.09527488720377,310.08714981940557,0.000409498820015273,-0.008951300753716413,0.00043205022244319034,-0.2809835090070192
0.04,0.004,0.0012,0.0004,32.10375581478487,302.5457134876766,0.00040950181310660407,-0.008981299905125709,0.00043140121807052956,-0.28075950926206367
0.04,0.005,0.0004,8e-05,32.516853787806944,401.2252030991988,0.00041900266633664664,-0.01730780361318582,0.0004331296067067715,-0.2825934508303122
0.04,0.005,0.0004,0.0002,32.58220610525494,392.74694672380303,0.00041890574642541997,-0.017483686940010672,0.000433046397401232,-0.28312856024518845
0.04,0.005,0.0004,0.0004,32.66609090002995,384.96942903906717,0.00041877836171696386,-0.017710548395758707,0.00043291640937969864,-0.2838439903642428
0.04,0.005,0.0008,8e-05,32.516853787806944,401.2252030991988,0.00041900266633664664,-0.01730780361318582,0.0004331296067067715,-0.2825934508303122
0.04,0.005,0.0008,0.0002,32.58220610525494,392.74694672380303,0.00041890574642541997,-0.017483686940010672,0.000433046397401232,-0.28312856024518845
0.04,0.005,0.0008,0.0004,32.66609090002995,384.96942903906717,0.00041877836171696386,-0.017710548395758707,0.00043291640937969864,-0.2838439903642428
0.04,0.005,0.0012,8e-05,32.456710841464385,382.7177511689083,0.0004095839846000972,-0.010250943693967294,0.0004331144228626952,-0.28224633205272676
0.04,0.005,0.0012,0.0002,32.51607498944223,374.56821373917364,0.0004095957926861422,-0.01047116326574447,0.0004329868463358587,-0.2827042967007811
0.04,0.005,0.0012,0.0004,32.58662608099514,367.1858050362231,0.0004096131143062033,-0.010736730902450583,0.000432750418678396,-0.2832410354773208
0.04,0.006,0.0004,8e-05,32.80437949160524,446.38992981518186,0.00041856610305235164,-0.018088111460506845,0.00043393856362420604,-0.28361068118403154
0.04,0.006,0.0004,0.0002,32.88667539142857,437.5360099801856,0.00041844202557902635,-0.018315624109787508,0.0004339404314468119,-0.2843537103070789
0.04,0.006,0.0004,0.0004,33.00014492920441,429.5345013482295,0.00041827938550285715,-0.018633880109878834,0.00043401166549830527,-0.2854618120270984
0.04,0.006,0.0008,8e-05,32.80437949160524,446.38992981518186,0.00041856610305235164,-0.018088111460506845,0.00043393856362420604,-0.28361068118403154
0.04,0.006,0.0008,0.0002,32.88667539142857,437.5360099801856,0.00041844202557902635,-0.018315624109787508,0.0004339404314468119,-0.2843537103070789
0.04,0.006,0.0008,0.0004,33.00014492920441,429.5345013482295,0.00041827938550285715,-0.018633880109878834,0.00043401166549830527,-0.2854618120270984
0.04,0.006,0.0012,8e-05,32.75063294895544,429.34343352116286,0.00040967921715326334,-0.011374623256630637,0.0004339267161957895,-0.28327457658524
0.04,0.006,0.0012,0.0002,32.82858865487638,420.8669628828842,0.00040973011393732905,-0.011691011140280075,0.00043389353306742037,-0.28395867905583344
0.04,0.006,0.0012,0.0004,32.932783508156284,413.36597787682155,0.0004098264652898258,-0.01213176171703302,0.00043388566260735116,-0.2849362901725667
0.04,0.007,0.0004,8e-05,33.04753280776612,486.92752030539936,0.0004182160322923557,-0.018768777262894196,0.00043464688617339385,-0.2844670576437225
0.04,0.007,0.0004,0.0002,33.14069872183615,477.7074252939382,0.00041810275920420835,-0.019038286499397174,0.00043470339922862546,-0.28535531029009054
0.04,0.007,0.0004,0.0004,33.27230536094267,469.4305949835722,0.00041797759415791854,-0.01943198750713071,0.00043491207481985905,-0.28673027702404713
0.04,0.007,0.0008,8e-05,33.04753280776612,486.92752030539936,0.0004182160322923557,-0.018768777262894196,0.00043464688617339385,-0.2844670576437225
0.04,0.007,0.0008,0.0002,33.14069872183615,477.7074252939382,0.00041810275920420835,-0.019038286499397174,0.00043470339922862546,-0.28535531029009054
0.04,0.007,0.0008,0.0004,33.27230536094267,469.4305949835722,0.00041797759415791854,-0.01943198750713071,0.00043491207481985905,-0.28673027702404713
0.04,0.007,0.0012,8e-05,32.99836199661975,471.01331894298517,0.00040990826995524946,-0.012422393425570137,0.00043464729680985515,-0.28413692518916045
0.04,0.007,0.0012,0.0002,33.08826177871559,462.2004717346168,0.00041005442605185474,-0.012842253435596385,0.0004346738635516546,-0.28497695355806085
0.04,0.007,0.0012,0.0004,33.21307419969803,454.48266588101706,0.0004103424021319001,-0.013480140735180363,0.0004348163602738067,-0.28624685630941166
0.04,0.008,0.0004,8e-05,33.24851935210449,528.1376252469258,0.0004179965632728243,-0.01935946174035118,0.00043513981829671795,-0.28522237532515354
0.04,0.008,0.0004,0.0002,33.34839707422793,518.4473669329633,0.00041792971692751154,-0.01966913996158187,0.00043523759595240466,-0.28621747405180514
0.04,0.008,0.0004,0.0004,33.49178451173419,509.68782779140065,0.0004179013491948106,-0.02014294371490547,0.0004355560602821765,-0.2877964163875598
0.04,0.008,0.0008,8e-05,33.24851935210449,528.1376252469258,0.0004179965632728243,-0.01935946174035118,0.00043513981829671795,-0.28522237532515354
0.04,0.008,0.0008,0.0002,33.34839707422793,518.4473669329633,0.00041792971692751154,-0.01966913996158187,0.00043523759595240466,-0.28621747405180514
0.04,0.008,0.0008,0.0004,33.49178451173419,509.68782779140065,0.0004179013491948106,-0.02014294371490547,0.0004355560602821765,-0.2877964163875598
0.04,0.008,0.0012,8e-05,33.20250743486362,513.1153633115138,0.00041031347889695344,-0.01342316466690873,0.0004351470115966281,-0.28489561811481867
0.04,0.008,0.0012,0.0002,33.300229686819364,503.8473569536724,0.00041061973638146273,-0.013976687676634581,0.00043521810756600284,-0.2858525620306947
0.04,0.008,0.0012,0.0004,33.43918952205707,495.67039767904384,0.0004112205848619751,-0.014879365429848685,0.00043547770125876024,-0.2873479502487955
